Mot-cle;Famille;Intention;Page cible;Priorite
générateur de vidéo IA;A. Produit;Achat;/ (accueil);P1
créer une vidéo avec l'IA;A. Produit;Achat;/ (accueil);P1
générateur de vidéo IA gratuit;A. Produit;Essai;/ (accueil);P1
logiciel de création vidéo IA;A. Produit;Achat;/ (accueil);P1
transformer un texte en vidéo;A. Produit;Découverte;/ (accueil);P1
application pour créer des vidéos IA;A. Produit;Achat;/ (accueil);P2
créer des vidéos courtes automatiquement;A. Produit;Achat;/ (accueil);P2
studio vidéo IA en ligne;A. Produit;Achat;/ (accueil);P2
IA qui crée des vidéos à partir d'un texte;A. Produit;Découverte;/ (accueil);P2
créer une vidéo sans montage;A. Produit;Découverte;/ (accueil);P3
créer une vidéo TikTok avec l'IA;B. Format et réseau;Achat;/fonctionnalites/publication;P1
générateur de vidéo TikTok;B. Format et réseau;Achat;/fonctionnalites/publication;P1
créer des YouTube Shorts avec l'IA;B. Format et réseau;Achat;/fonctionnalites/publication;P1
faire une vidéo sans se filmer;B. Format et réseau;Découverte;/blog;P1
générateur de Shorts YouTube;B. Format et réseau;Achat;/fonctionnalites/publication;P2
créer des Reels Instagram avec l'IA (en attente Meta);B. Format et réseau;Achat;/fonctionnalites/publication;P2
vidéo LinkedIn automatique;B. Format et réseau;Achat;/fonctionnalites/publication;P2
vidéo faceless français;B. Format et réseau;Découverte;/blog;P2
vidéo verticale 9:16 en ligne;B. Format et réseau;Technique;/fonctionnalites;P3
générateur de script vidéo IA;C. Fonctionnalités;Achat;/fonctionnalites/script;P1
voix off IA française;C. Fonctionnalités;Achat;/fonctionnalites/voix-off;P1
générateur de voix off gratuite;C. Fonctionnalités;Essai;/fonctionnalites/voix-off;P1
sous-titres automatiques vidéo;C. Fonctionnalités;Achat;/fonctionnalites/sous-titres;P1
ajouter des sous-titres à une vidéo automatiquement;C. Fonctionnalités;Achat;/fonctionnalites/sous-titres;P1
écrire un script TikTok avec l'IA;C. Fonctionnalités;Achat;/fonctionnalites/script;P2
voix off naturelle IA;C. Fonctionnalités;Achat;/fonctionnalites/voix-off;P2
sous-titres animés TikTok;C. Fonctionnalités;Achat;/fonctionnalites/sous-titres;P2
musique libre de droits pour vidéo;C. Fonctionnalités;Découverte;/fonctionnalites/musique;P2
montage vidéo automatique IA;C. Fonctionnalités;Achat;/fonctionnalites;P2
banque de séquences libres de droits;C. Fonctionnalités;Découverte;/fonctionnalites/musique;P3
publier automatiquement sur TikTok;D. Publication;Achat;/fonctionnalites/publication;P1
programmer ses publications TikTok;D. Publication;Achat;/fonctionnalites/publication;P1
publier sur plusieurs réseaux en même temps;D. Publication;Achat;/fonctionnalites/publication;P1
outil de publication multi-réseaux;D. Publication;Achat;/fonctionnalites/publication;P2
automatiser ses réseaux sociaux;D. Publication;Découverte;/fonctionnalites/publication;P2
planifier ses publications réseaux sociaux;D. Publication;Achat;/fonctionnalites/publication;P2
calendrier de publication réseaux sociaux;D. Publication;Découverte;/blog;P3
créer une campagne Meta Ads;E. Publicité;Achat;/fonctionnalites/campagnes;P1
générer des publicités vidéo avec l'IA;E. Publicité;Achat;/fonctionnalites/campagnes;P1
publicité Facebook automatique;E. Publicité;Achat;/fonctionnalites/campagnes;P2
publicité Instagram pour PME;E. Publicité;Découverte;/fonctionnalites/campagnes;P2
générer des prospects avec Facebook Ads;E. Publicité;Découverte;/fonctionnalites/campagnes;P2
outil de création de publicités vidéo;E. Publicité;Achat;/fonctionnalites/campagnes;P3
vidéo réseaux sociaux restaurant;F. Métiers;Achat;/cas-usage/restaurant;P1
vidéo immobilier réseaux sociaux;F. Métiers;Achat;/cas-usage/immobilier;P1
contenu vidéo coach sportif;F. Métiers;Achat;/cas-usage/coach;P1
vidéo produit e-commerce;F. Métiers;Achat;/cas-usage/e-commerce;P1
idées de contenu Instagram restaurant;F. Métiers;Découverte;/cas-usage/restaurant;P2
visite virtuelle vidéo bien immobilier;F. Métiers;Découverte;/cas-usage/immobilier;P2
vidéo publicitaire boutique en ligne;F. Métiers;Achat;/cas-usage/e-commerce;P2
marketing vidéo pour PME;F. Métiers;Découverte;/blog;P2
réseaux sociaux pour artisan;F. Métiers;Découverte;/blog;P3
meilleur générateur de vidéo IA;G. Alternatives;Comparaison;/alternatives;P1
comparatif générateurs de vidéo IA;G. Alternatives;Comparaison;/alternatives;P1
générateur de vidéo IA en français;G. Alternatives;Comparaison;/alternatives;P1
alternative à InVideo;G. Alternatives;Comparaison;/alternatives/invideo;P2
alternative à Pictory;G. Alternatives;Comparaison;/alternatives/pictory;P2
alternative à Opus Clip;G. Alternatives;Comparaison;/alternatives/opus-clip;P2
alternative à Submagic;G. Alternatives;Comparaison;/alternatives/submagic;P2
alternative à Predis.ai;G. Alternatives;Comparaison;/alternatives/predis;P3
comment créer une vidéo TikTok sans se filmer;H. Longue traîne;Découverte;/blog;P1
comment faire des vidéos sans montrer son visage;H. Longue traîne;Découverte;/blog;P1
comment avoir plus de vues sur TikTok;H. Longue traîne;Découverte;/blog;P1
comment écrire un script de vidéo courte;H. Longue traîne;Découverte;/blog;P2
quelle est la bonne durée pour une vidéo TikTok;H. Longue traîne;Découverte;/blog;P2
quel format pour une vidéo Instagram;H. Longue traîne;Découverte;/blog;P2
à quelle fréquence publier sur TikTok;H. Longue traîne;Découverte;/blog;P2
idées de contenu pour les réseaux sociaux;H. Longue traîne;Découverte;/blog;P2
combien coûte une vidéo publicitaire;H. Longue traîne;Découverte;/blog;P3
comment gagner du temps sur ses réseaux sociaux;H. Longue traîne;Découverte;/blog;P3
vidcica;I. Marque;Marque;/ (accueil);P1
vidcica avis;I. Marque;Marque;/ (accueil);P2
vidcica tarifs;I. Marque;Marque;/tarifs;P2
vidcica connexion;I. Marque;Marque;/sign-in;P3
